directory,number
AU NBAC N193-001/,303
AU NBAC N193-002/,312
AU NBAC N193-003/,345
AU NBAC N193-004/,312
AU NBAC N193-005/,305
AU NBAC N193-006/,334
AU NBAC N193-007/,349
AU NBAC N193-008/,318
AU NBAC N193-009/,327
AU NBAC N193-010/,327
AU NBAC N193-011/,350
AU NBAC N193-012/,310
AU NBAC N193-013/,330
AU NBAC N193-014/,329
AU NBAC N193-015/,349
AU NBAC N193-016/,313
AU NBAC N193-017/,331
AU NBAC N193-018/,322
AU NBAC N193-019/,348
AU NBAC N193-020/,312
AU NBAC N193-021/,330
AU NBAC N193-022/,314
AU NBAC N193-023/,344
AU NBAC N193-024/,310
AU NBAC N193-025/,323
AU NBAC N193-026/,332
AU NBAC N193-027/,349
AU NBAC N193-028/,314
AU NBAC N193-029/,328
AU NBAC N193-030/,327
AU NBAC N193-031/,339
AU NBAC N193-032/,316
AU NBAC N193-033/,329
AU NBAC N193-034/,322
AU NBAC N193-035/,351
AU NBAC N193-036/,317
AU NBAC N193-037/,300
AU NBAC N193-038/,328
AU NBAC N193-039/,350
AU NBAC N193-040/,320
AU NBAC N193-041/,325
AU NBAC N193-042/,318
AU NBAC N193-043/,344
AU NBAC N193-044/,317
AU NBAC N193-045/,331
AU NBAC N193-046/,317
AU NBAC N193-047/,350
AU NBAC N193-048/,314
AU NBAC N193-049/,296
AU NBAC N193-050/,338
AU NBAC N193-051/,351
AU NBAC N193-052/,314
AU NBAC N193-053/,326
AU NBAC N193-054/,315
AU NBAC N193-055/,167
AU NBAC N193-056/,315
AU NBAC N193-057/,318
AU NBAC N193-058/,309
AU NBAC N193-059/,347
AU NBAC N193-060/,313
AU NBAC N193-061/,317
AU NBAC N193-062/,312
AU NBAC N193-063/,345
AU NBAC N193-064/,309
AU NBAC N193-065/,317
AU NBAC N193-066/,307
AU NBAC N193-067/,343
AU NBAC N193-068/,313
AU NBAC N193-069/,310
AU NBAC N193-070/,325
AU NBAC N193-071/,352
AU NBAC N193-072/,296
AU NBAC N193-073/,321
AU NBAC N193-074/,314
AU NBAC N193-075/,348
AU NBAC N193-076/,306
AU NBAC N193-077/,331
AU NBAC N193-078/,309
AU NBAC N193-079/,351
AU NBAC N193-080/,318
AU NBAC N193-081/,281
AU NBAC N193-082/,333
AU NBAC N193-083/,350
AU NBAC N193-084/,312
AU NBAC N193-085/,315
AU NBAC N193-086/,307
AU NBAC N193-087/,349
AU NBAC N193-088/,316
AU NBAC N193-089/,306
AU NBAC N193-090/,316
AU NBAC N193-091/,343
AU NBAC N193-092/,319
AU NBAC N193-093/,325
AU NBAC N193-094/,301
AU NBAC N193-095/,351
AU NBAC N193-096/,317
AU NBAC N193-097/,314
AU NBAC N193-098/,308
AU NBAC N193-099/,346
AU NBAC N193-100/,318
AU NBAC N193-101/,316
AU NBAC N193-102/,314
AU NBAC N193-103/,352
AU NBAC N193-104/,313
AU NBAC N193-105/,320
AU NBAC N193-106/,312
AU NBAC N193-107/,351
AU NBAC N193-108/,310
AU NBAC N193-109/,331
AU NBAC N193-110/,310
AU NBAC N193-111/,345
AU NBAC N193-112/,317
AU NBAC N193-113/,305
AU NBAC N193-114/,326
AU NBAC N193-115/,351
AU NBAC N193-116/,314
AU NBAC N193-117/,322
AU NBAC N193-118/,307
AU NBAC N193-119/,352
AU NBAC N193-120/,317
AU NBAC N193-121/,322
AU NBAC N193-122/,314
AU NBAC N193-123/,347
AU NBAC N193-124/,318
AU NBAC N193-125/,296
AU NBAC N193-126/,340
AU NBAC N193-127/,351
AU NBAC N193-128/,312
AU NBAC N193-129/,327
AU NBAC N193-130/,307
AU NBAC N193-131/,348
AU NBAC N193-132/,315
AU NBAC N193-133/,303
AU NBAC N193-134/,309
AU NBAC N193-135/,390
AU NBAC N193-136/,366
AU NBAC N193-137/,375
AU NBAC N193-138/,366
AU NBAC N193-139/,418
AU NBAC N193-140/,371
AU NBAC N193-141/,381
AU NBAC N193-142/,374
AU NBAC N193-143/,417
AU NBAC N193-144/,366
AU NBAC N193-145/,359
AU NBAC N193-146/,605
AU NBAC N193-147/,621
AU NBAC N193-148/,564
AU NBAC N193-149/,585
AU NBAC N193-150/,555
AU NBAC N193-151/,623
AU NBAC N193-152/,555
AU NBAC N193-153/,600
AU NBAC N193-154/,573
AU NBAC N193-155/,606
AU NBAC N193-156/,559
AU NBAC N193-157/,579
AU NBAC N193-158/,606
AU NBAC N193-159/,633
AU NBAC N193-160/,556
AU NBAC N193-161/,593
AU NBAC N193-162/,571
AU NBAC N193-163/,633
AU NBAC N193-164/,600
AU NBAC N193-165/,439
AU NBAC N193-166/,408
AU NBAC N193-167/,429
AU NBAC N193-168/,414
AU NBAC N193-169/,417
AU NBAC N193-170/,408
AU NBAC N193-171/,428
AU NBAC N193-172/,392
AU NBAC N193-173/,437
AU NBAC N193-174/,393
AU NBAC N193-175/,426
AU NBAC N193-176/,384
AU NBAC N193-177/,394
AU NBAC N193-178/,400
AU NBAC N193-179/,411
AU NBAC N193-180/,384
AU NBAC N193-181/,405
AU NBAC N193-182/,379
AU NBAC N193-183/,264
AU NBAC N193-184/,389
AU NBAC N193-185/,397
AU NBAC N193-186/,387
AU NBAC N193-187/,430
AU NBAC N193-188/,387
AU NBAC N193-189/,346
AU NBAC N193-190/,378
AU NBAC N193-191/,489
AU NBAC N193-192/,468
AU NBAC N193-193/,488
AU NBAC N193-194/,468
AU NBAC N193-195/,520
AU NBAC N193-196/,461
AU NBAC N193-197/,496
AU NBAC N193-198/,468
AU NBAC N193-199/,89
